insert into listvalue_field_master(
	field_key, field, is_active, field_type, form, role_type
) values 
('cp1', 'cpImages1', true, 'M', 'FHW_CS', 'F'),
('cp2', 'cpImages2', true, 'M', 'FHW_CS', 'F'),
('cp3', 'cpImages3', true, 'M', 'FHW_CS', 'F'),
('cp4', 'cpImages4', true, 'M', 'FHW_CS', 'F'),
('cp5', 'cpImages5', true, 'M', 'FHW_CS', 'F'),
('cp6', 'cpImages6', true, 'M', 'FHW_CS', 'F'),
('cp7', 'cpImages7', true, 'M', 'FHW_CS', 'F'),
('cp8', 'cpImages8', true, 'M', 'FHW_CS', 'F'),
('cp9', 'cpImages9', true, 'M', 'FHW_CS', 'F'),
('cp10', 'cpImages10', true, 'M', 'FHW_CS', 'F'),
('cp11', 'cpImages11', true, 'M', 'FHW_CS', 'F'),
('cp12', 'cpImages12', true, 'M', 'FHW_CS', 'F'),
('cp13', 'cpImages13', true, 'M', 'FHW_CS', 'F'),
('cp14', 'cpImages14', true, 'M', 'FHW_CS', 'F'),
('cp15', 'cpImages15', true, 'M', 'FHW_CS', 'F'),
('cp16', 'cpImages16', true, 'M', 'FHW_CS', 'F'),
('cp17', 'cpImages17', true, 'M', 'FHW_CS', 'F'),
('cp18', 'cpImages18', true, 'M', 'FHW_CS', 'F'),
('cp19', 'cpImages19', true, 'M', 'FHW_CS', 'F'),
('cp20', 'cpImages20', true, 'M', 'FHW_CS', 'F'),
('cp21', 'cpImages21', true, 'M', 'FHW_CS', 'F'),
('cp22', 'cpImages22', true, 'M', 'FHW_CS', 'F'),
('cp23', 'cpImages23', true, 'M', 'FHW_CS', 'F'),
('cp24', 'cpImages24', true, 'M', 'FHW_CS', 'F'),
('cp25', 'cpImages25', true, 'M', 'FHW_CS', 'F');

insert into listvalue_field_role(
	role_id, field_key
) values 
(30, 'cp1'),
(30, 'cp2'),
(30, 'cp3'),
(30, 'cp4'),
(30, 'cp5'),
(30, 'cp6'),
(30, 'cp7'),
(30, 'cp8'),
(30, 'cp9'),
(30, 'cp10'),
(30, 'cp11'),
(30, 'cp12'),
(30, 'cp13'),
(30, 'cp14'),
(30, 'cp15'),
(30, 'cp16'),
(30, 'cp17'),
(30, 'cp18'),
(30, 'cp19'),
(30, 'cp20'),
(30, 'cp21'),
(30, 'cp22'),
(30, 'cp23'),
(30, 'cp24'),
(30, 'cp25');

insert into listvalue_field_value_detail(
	is_active, is_archive, last_modified_by, last_modified_on, value, field_key, file_size
) values 
(true, false, 'pgarg', now(), 'cp1.png', 'cp1', 70000),
(true, false, 'pgarg', now(), 'cp2.png', 'cp2', 70000),
(true, false, 'pgarg', now(), 'cp3.png', 'cp3', 70000),
(true, false, 'pgarg', now(), 'cp4.png', 'cp4', 70000),
(true, false, 'pgarg', now(), 'cp5.png', 'cp5', 70000),
(true, false, 'pgarg', now(), 'cp6.png', 'cp6', 70000),
(true, false, 'pgarg', now(), 'cp7.png', 'cp7', 70000),
(true, false, 'pgarg', now(), 'cp8.png', 'cp8', 70000),
(true, false, 'pgarg', now(), 'cp9.png', 'cp9', 70000),
(true, false, 'pgarg', now(), 'cp10.png', 'cp10', 70000),
(true, false, 'pgarg', now(), 'cp11.png', 'cp11', 70000),
(true, false, 'pgarg', now(), 'cp12.png', 'cp12', 70000),
(true, false, 'pgarg', now(), 'cp13.png', 'cp13', 70000),
(true, false, 'pgarg', now(), 'cp14.png', 'cp14', 70000),
(true, false, 'pgarg', now(), 'cp15.png', 'cp15', 70000),
(true, false, 'pgarg', now(), 'cp16.png', 'cp16', 70000),
(true, false, 'pgarg', now(), 'cp17.png', 'cp17', 70000),
(true, false, 'pgarg', now(), 'cp18.png', 'cp18', 70000),
(true, false, 'pgarg', now(), 'cp19.png', 'cp19', 70000),
(true, false, 'pgarg', now(), 'cp20.png', 'cp20', 70000),
(true, false, 'pgarg', now(), 'cp21.png', 'cp21', 70000),
(true, false, 'pgarg', now(), 'cp22.png', 'cp22', 70000),
(true, false, 'pgarg', now(), 'cp23.png', 'cp23', 70000),
(true, false, 'pgarg', now(), 'cp24.png', 'cp24', 70000),
(true, false, 'pgarg', now(), 'cp25.png', 'cp25', 70000);